hotel_name,location_name,hotel_code,location_id,property_type,hotel_type,address,map_link,description,status,remarks
"Vivanta Ayodhya","Ayodhya",AYD01,308,ASSOCIATED_PROPERTY,HOTEL,"Vivanta Ayodhya, Main Road, Ayodhya, India",https://maps.google.com/?q=Vivanta%20Ayodhya%20Ayodhya,"Experience luxury hospitality at Vivanta Ayodhya in Ayodhya, featuring modern amenities and exceptional service.",ACTIVE,"New hotel import for Ayodhya"
"Ramayana Hotel","Ayodhya",AYD02,308,INTERNAL_PROPERTY,HOTEL,"Ramayana Hotel, Main Road, Ayodhya, India",https://maps.google.com/?q=Ramayana%20Hotel%20Ayodhya,"Experience luxury hospitality at Ramayana Hotel in Ayodhya, featuring modern amenities and exceptional service.",ACTIVE,"New hotel import for Ayodhya"
"BrijRama Palace","Banaras",BANAR01,331,ASSOCIATED_PROPERTY,HOTEL,"BrijRama Palace, Main Road, Banaras, India",https://maps.google.com/?q=BrijRama%20Palace%20Banaras,"Experience luxury hospitality at BrijRama Palace in Banaras, featuring modern amenities and exceptional service.",ACTIVE,"New hotel import for Banaras"
"Suryauday Haveli","Banaras",BANAR02,331,INTERNAL_PROPERTY,HOTEL,"Suryauday Haveli, Main Road, Banaras, India",https://maps.google.com/?q=Suryauday%20Haveli%20Banaras,"Experience luxury hospitality at Suryauday Haveli in Banaras, featuring modern amenities and exceptional service.",ACTIVE,"New hotel import for Banaras"
"Bandipur Safari Lodge","Bandipur",BDP01,322,ASSOCIATED_PROPERTY,RESORT,"Bandipur Safari Lodge, Main Road, Bandipur, India",https://maps.google.com/?q=Bandipur%20Safari%20Lodge%20Bandipur,"Experience luxury hospitality at Bandipur Safari Lodge in Bandipur, featuring modern amenities and exceptional service.",ACTIVE,"New hotel import for Bandipur"
"Dhole's Den","Bandipur",BDP02,322,INTERNAL_PROPERTY,HOTEL,"Dhole's Den, Main Road, Bandipur, India",https://maps.google.com/?q=Dhole's%20Den%20Bandipur,"Experience luxury hospitality at Dhole's Den in Bandipur, featuring modern amenities and exceptional service.",ACTIVE,"New hotel import for Bandipur"
"Regenta Resort Bhuj","Bhuj",BHJ01,313,ASSOCIATED_PROPERTY,RESORT,"Regenta Resort Bhuj, Main Road, Bhuj, India",https://maps.google.com/?q=Regenta%20Resort%20Bhuj%20Bhuj,"Experience luxury hospitality at Regenta Resort Bhuj in Bhuj, featuring modern amenities and exceptional service.",ACTIVE,"New hotel import for Bhuj"
"Hotel Prince","Bhuj",BHJ02,313,INTERNAL_PROPERTY,HOTEL,"Hotel Prince, Main Road, Bhuj, India",https://maps.google.com/?q=Hotel%20Prince%20Bhuj,"Experience luxury hospitality at Hotel Prince in Bhuj, featuring modern amenities and exceptional service.",ACTIVE,"New hotel import for Bhuj"
"Lallgarh Palace","Bikaner",BKN01,327,ASSOCIATED_PROPERTY,HOTEL,"Lallgarh Palace, Main Road, Bikaner, India",https://maps.google.com/?q=Lallgarh%20Palace%20Bikaner,"Experience luxury hospitality at Lallgarh Palace in Bikaner, featuring modern amenities and exceptional service.",ACTIVE,"New hotel import for Bikaner"
"Gajner Palace","Bikaner",BKN02,327,INTERNAL_PROPERTY,HOTEL,"Gajner Palace, Main Road, Bikaner, India",https://maps.google.com/?q=Gajner%20Palace%20Bikaner,"Experience luxury hospitality at Gajner Palace in Bikaner, featuring modern amenities and exceptional service.",ACTIVE,"New hotel import for Bikaner"
"Vivanta Coimbatore","Coimbatore",CJB01,314,ASSOCIATED_PROPERTY,HOTEL,"Vivanta Coimbatore, Main Road, Coimbatore, India",https://maps.google.com/?q=Vivanta%20Coimbatore%20Coimbatore,"Experience luxury hospitality at Vivanta Coimbatore in Coimbatore, featuring modern amenities and exceptional service.",ACTIVE,"New hotel import for Coimbatore"
"The Residency Towers","Coimbatore",CJB02,314,INTERNAL_PROPERTY,HOTEL,"The Residency Towers, Main Road, Coimbatore, India",https://maps.google.com/?q=The%20Residency%20Towers%20Coimbatore,"Experience luxury hospitality at The Residency Towers in Coimbatore, featuring modern amenities and exceptional service.",ACTIVE,"New hotel import for Coimbatore"
"Taj Madikeri Resort & Spa","Coorg",CGK01,310,ASSOCIATED_PROPERTY,RESORT,"Taj Madikeri Resort & Spa, Main Road, Coorg, India",https://maps.google.com/?q=Taj%20Madikeri%20Resort%20%26%20Spa%20Coorg,"Experience luxury hospitality at Taj Madikeri Resort & Spa in Coorg, featuring modern amenities and exceptional service.",ACTIVE,"New hotel import for Coorg"
"Orange County Coorg","Coorg",CGK02,310,INTERNAL_PROPERTY,HOTEL,"Orange County Coorg, Main Road, Coorg, India",https://maps.google.com/?q=Orange%20County%20Coorg%20Coorg,"Experience luxury hospitality at Orange County Coorg in Coorg, featuring modern amenities and exceptional service.",ACTIVE,"New hotel import for Coorg"
"Grand View Hotel","Dalhousie",DLS01,323,ASSOCIATED_PROPERTY,HOTEL,"Grand View Hotel, Main Road, Dalhousie, India",https://maps.google.com/?q=Grand%20View%20Hotel%20Dalhousie,"Experience luxury hospitality at Grand View Hotel in Dalhousie, featuring modern amenities and exceptional service.",ACTIVE,"New hotel import for Dalhousie"
"Hotel Mount View","Dalhousie",DLS02,323,INTERNAL_PROPERTY,HOTEL,"Hotel Mount View, Main Road, Dalhousie, India",https://maps.google.com/?q=Hotel%20Mount%20View%20Dalhousie,"Experience luxury hospitality at Hotel Mount View in Dalhousie, featuring modern amenities and exceptional service.",ACTIVE,"New hotel import for Dalhousie"
"Hyatt Regency Dehradun","Dehradun",DED01,325,ASSOCIATED_PROPERTY,HOTEL,"Hyatt Regency Dehradun, Main Road, Dehradun, India",https://maps.google.com/?q=Hyatt%20Regency%20Dehradun%20Dehradun,"Experience luxury hospitality at Hyatt Regency Dehradun in Dehradun, featuring modern amenities and exceptional service.",ACTIVE,"New hotel import for Dehradun"
"Hotel Madhuban","Dehradun",DED02,325,INTERNAL_PROPERTY,HOTEL,"Hotel Madhuban, Main Road, Dehradun, India",https://maps.google.com/?q=Hotel%20Madhuban%20Dehradun,"Experience luxury hospitality at Hotel Madhuban in Dehradun, featuring modern amenities and exceptional service.",ACTIVE,"New hotel import for Dehradun"
"The Lalit Grand Palace Srinagar","Jammu and Kashmir",JMK01,309,ASSOCIATED_PROPERTY,HOTEL,"The Lalit Grand Palace Srinagar, Main Road, Jammu and Kashmir, India",https://maps.google.com/?q=The%20Lalit%20Grand%20Palace%20Srinagar%20Jammu%20and%20Kashmir,"Experience luxury hospitality at The Lalit Grand Palace Srinagar in Jammu and Kashmir, featuring modern amenities and exceptional service.",ACTIVE,"New hotel import for Jammu and Kashmir"
"Vivanta Dal View","Jammu and Kashmir",JMK02,309,INTERNAL_PROPERTY,HOTEL,"Vivanta Dal View, Main Road, Jammu and Kashmir, India",https://maps.google.com/?q=Vivanta%20Dal%20View%20Jammu%20and%20Kashmir,"Experience luxury hospitality at Vivanta Dal View in Jammu and Kashmir, featuring modern amenities and exceptional service.",ACTIVE,"New hotel import for Jammu and Kashmir"
"Hotel Kandaghat Heights","Kandaghat",KDG01,317,ASSOCIATED_PROPERTY,HOTEL,"Hotel Kandaghat Heights, Main Road, Kandaghat, India",https://maps.google.com/?q=Hotel%20Kandaghat%20Heights%20Kandaghat,"Experience luxury hospitality at Hotel Kandaghat Heights in Kandaghat, featuring modern amenities and exceptional service.",ACTIVE,"New hotel import for Kandaghat"
"Hotel Himalayan Retreat","Kandaghat",KDG02,317,INTERNAL_PROPERTY,RESORT,"Hotel Himalayan Retreat, Main Road, Kandaghat, India",https://maps.google.com/?q=Hotel%20Himalayan%20Retreat%20Kandaghat,"Experience luxury hospitality at Hotel Himalayan Retreat in Kandaghat, featuring modern amenities and exceptional service.",ACTIVE,"New hotel import for Kandaghat"
"Kanha Earth Lodge","Kanha National Park",KNP01,321,ASSOCIATED_PROPERTY,RESORT,"Kanha Earth Lodge, Main Road, Kanha National Park, India",https://maps.google.com/?q=Kanha%20Earth%20Lodge%20Kanha%20National%20Park,"Experience luxury hospitality at Kanha Earth Lodge in Kanha National Park, featuring modern amenities and exceptional service.",ACTIVE,"New hotel import for Kanha National Park"
"Mahua Kothi","Kanha National Park",KNP02,321,INTERNAL_PROPERTY,HOTEL,"Mahua Kothi, Main Road, Kanha National Park, India",https://maps.google.com/?q=Mahua%20Kothi%20Kanha%20National%20Park,"Experience luxury hospitality at Mahua Kothi in Kanha National Park, featuring modern amenities and exceptional service.",ACTIVE,"New hotel import for Kanha National Park"
"The Kasauli Resort","Kasauli",KSL01,306,ASSOCIATED_PROPERTY,RESORT,"The Kasauli Resort, Main Road, Kasauli, India",https://maps.google.com/?q=The%20Kasauli%20Resort%20Kasauli,"Experience luxury hospitality at The Kasauli Resort in Kasauli, featuring modern amenities and exceptional service.",ACTIVE,"New hotel import for Kasauli"
"Hotel Alasia","Kasauli",KSL02,306,INTERNAL_PROPERTY,HOTEL,"Hotel Alasia, Main Road, Kasauli, India",https://maps.google.com/?q=Hotel%20Alasia%20Kasauli,"Experience luxury hospitality at Hotel Alasia in Kasauli, featuring modern amenities and exceptional service.",ACTIVE,"New hotel import for Kasauli"
"Hotel Ruby Regency","Khandala",KDL01,301,ASSOCIATED_PROPERTY,HOTEL,"Hotel Ruby Regency, Main Road, Khandala, India",https://maps.google.com/?q=Hotel%20Ruby%20Regency%20Khandala,"Experience luxury hospitality at Hotel Ruby Regency in Khandala, featuring modern amenities and exceptional service.",ACTIVE,"New hotel import for Khandala"
"Ambience Resort","Khandala",KDL02,301,INTERNAL_PROPERTY,RESORT,"Ambience Resort, Main Road, Khandala, India",https://maps.google.com/?q=Ambience%20Resort%20Khandala,"Experience luxury hospitality at Ambience Resort in Khandala, featuring modern amenities and exceptional service.",ACTIVE,"New hotel import for Khandala"
"Hotel Kosi Grand","Kosi",KSI01,254,ASSOCIATED_PROPERTY,HOTEL,"Hotel Kosi Grand, Main Road, Kosi, India",https://maps.google.com/?q=Hotel%20Kosi%20Grand%20Kosi,"Experience luxury hospitality at Hotel Kosi Grand in Kosi, featuring modern amenities and exceptional service.",ACTIVE,"New hotel import for Kosi"
"Hotel Radhika Palace","Kosi",KSI02,254,INTERNAL_PROPERTY,HOTEL,"Hotel Radhika Palace, Main Road, Kosi, India",https://maps.google.com/?q=Hotel%20Radhika%20Palace%20Kosi,"Experience luxury hospitality at Hotel Radhika Palace in Kosi, featuring modern amenities and exceptional service.",ACTIVE,"New hotel import for Kosi"
"Wildflower Hall Shimla","Kufri",KFR01,316,ASSOCIATED_PROPERTY,HOTEL,"Wildflower Hall Shimla, Main Road, Kufri, India",https://maps.google.com/?q=Wildflower%20Hall%20Shimla%20Kufri,"Experience luxury hospitality at Wildflower Hall Shimla in Kufri, featuring modern amenities and exceptional service.",ACTIVE,"New hotel import for Kufri"
"Kufri Holiday Resort","Kufri",KFR02,316,INTERNAL_PROPERTY,RESORT,"Kufri Holiday Resort, Main Road, Kufri, India",https://maps.google.com/?q=Kufri%20Holiday%20Resort%20Kufri,"Experience luxury hospitality at Kufri Holiday Resort in Kufri, featuring modern amenities and exceptional service.",ACTIVE,"New hotel import for Kufri"
"Taj Kumarakom Resort & Spa","Kumarakom",KMK01,257,ASSOCIATED_PROPERTY,RESORT,"Taj Kumarakom Resort & Spa, Main Road, Kumarakom, India",https://maps.google.com/?q=Taj%20Kumarakom%20Resort%20%26%20Spa%20Kumarakom,"Experience luxury hospitality at Taj Kumarakom Resort & Spa in Kumarakom, featuring modern amenities and exceptional service.",ACTIVE,"New hotel import for Kumarakom"
"Kumarakom Lake Resort","Kumarakom",KMK02,257,INTERNAL_PROPERTY,RESORT,"Kumarakom Lake Resort, Main Road, Kumarakom, India",https://maps.google.com/?q=Kumarakom%20Lake%20Resort%20Kumarakom,"Experience luxury hospitality at Kumarakom Lake Resort in Kumarakom, featuring modern amenities and exceptional service.",ACTIVE,"New hotel import for Kumarakom"
"Hotel Blue Pine","Lansdowne",LSD01,324,ASSOCIATED_PROPERTY,HOTEL,"Hotel Blue Pine, Main Road, Lansdowne, India",https://maps.google.com/?q=Hotel%20Blue%20Pine%20Lansdowne,"Experience luxury hospitality at Hotel Blue Pine in Lansdowne, featuring modern amenities and exceptional service.",ACTIVE,"New hotel import for Lansdowne"
"Fairy Resort","Lansdowne",LSD02,324,INTERNAL_PROPERTY,RESORT,"Fairy Resort, Main Road, Lansdowne, India",https://maps.google.com/?q=Fairy%20Resort%20Lansdowne,"Experience luxury hospitality at Fairy Resort in Lansdowne, featuring modern amenities and exceptional service.",ACTIVE,"New hotel import for Lansdowne"
"Fariyas Resort","Lonavla",LNL01,298,ASSOCIATED_PROPERTY,RESORT,"Fariyas Resort, Main Road, Lonavla, India",https://maps.google.com/?q=Fariyas%20Resort%20Lonavla,"Experience luxury hospitality at Fariyas Resort in Lonavla, featuring modern amenities and exceptional service.",ACTIVE,"New hotel import for Lonavla"
"Della Resorts","Lonavla",LNL02,298,INTERNAL_PROPERTY,RESORT,"Della Resorts, Main Road, Lonavla, India",https://maps.google.com/?q=Della%20Resorts%20Lonavla,"Experience luxury hospitality at Della Resorts in Lonavla, featuring modern amenities and exceptional service.",ACTIVE,"New hotel import for Lonavla"
"Brightland Resort & Spa","Mahabaleshwar",MBL01,302,ASSOCIATED_PROPERTY,RESORT,"Brightland Resort & Spa, Main Road, Mahabaleshwar, India",https://maps.google.com/?q=Brightland%20Resort%20%26%20Spa%20Mahabaleshwar,"Experience luxury hospitality at Brightland Resort & Spa in Mahabaleshwar, featuring modern amenities and exceptional service.",ACTIVE,"New hotel import for Mahabaleshwar"
"Evershine Resort","Mahabaleshwar",MBL02,302,INTERNAL_PROPERTY,RESORT,"Evershine Resort, Main Road, Mahabaleshwar, India",https://maps.google.com/?q=Evershine%20Resort%20Mahabaleshwar,"Experience luxury hospitality at Evershine Resort in Mahabaleshwar, featuring modern amenities and exceptional service.",ACTIVE,"New hotel import for Mahabaleshwar"
"Hotel Grand Regency","Moga",MGA01,303,ASSOCIATED_PROPERTY,HOTEL,"Hotel Grand Regency, Main Road, Moga, India",https://maps.google.com/?q=Hotel%20Grand%20Regency%20Moga,"Experience luxury hospitality at Hotel Grand Regency in Moga, featuring modern amenities and exceptional service.",ACTIVE,"New hotel import for Moga"
"Hotel Marina","Moga",MGA02,303,INTERNAL_PROPERTY,HOTEL,"Hotel Marina, Main Road, Moga, India",https://maps.google.com/?q=Hotel%20Marina%20Moga,"Experience luxury hospitality at Hotel Marina in Moga, featuring modern amenities and exceptional service.",ACTIVE,"New hotel import for Moga"
"Hotel Sunny Regency","Mohali",MHL01,297,ASSOCIATED_PROPERTY,HOTEL,"Hotel Sunny Regency, Main Road, Mohali, India",https://maps.google.com/?q=Hotel%20Sunny%20Regency%20Mohali,"Experience luxury hospitality at Hotel Sunny Regency in Mohali, featuring modern amenities and exceptional service.",ACTIVE,"New hotel import for Mohali"
"Hotel Mohali Palace","Mohali",MHL02,297,INTERNAL_PROPERTY,HOTEL,"Hotel Mohali Palace, Main Road, Mohali, India",https://maps.google.com/?q=Hotel%20Mohali%20Palace%20Mohali,"Experience luxury hospitality at Hotel Mohali Palace in Mohali, featuring modern amenities and exceptional service.",ACTIVE,"New hotel import for Mohali"
"Dreamland Hotel","Panchgani",PCG01,305,ASSOCIATED_PROPERTY,HOTEL,"Dreamland Hotel, Main Road, Panchgani, India",https://maps.google.com/?q=Dreamland%20Hotel%20Panchgani,"Experience luxury hospitality at Dreamland Hotel in Panchgani, featuring modern amenities and exceptional service.",ACTIVE,"New hotel import for Panchgani"
"Hotel Five Hills","Panchgani",PCG02,305,INTERNAL_PROPERTY,HOTEL,"Hotel Five Hills, Main Road, Panchgani, India",https://maps.google.com/?q=Hotel%20Five%20Hills%20Panchgani,"Experience luxury hospitality at Hotel Five Hills in Panchgani, featuring modern amenities and exceptional service.",ACTIVE,"New hotel import for Panchgani"
"Hotel Maple","Panchkula",PCK01,299,ASSOCIATED_PROPERTY,HOTEL,"Hotel Maple, Main Road, Panchkula, India",https://maps.google.com/?q=Hotel%20Maple%20Panchkula,"Experience luxury hospitality at Hotel Maple in Panchkula, featuring modern amenities and exceptional service.",ACTIVE,"New hotel import for Panchkula"
"Hotel Aster","Panchkula",PCK02,299,INTERNAL_PROPERTY,HOTEL,"Hotel Aster, Main Road, Panchkula, India",https://maps.google.com/?q=Hotel%20Aster%20Panchkula,"Experience luxury hospitality at Hotel Aster in Panchkula, featuring modern amenities and exceptional service.",ACTIVE,"New hotel import for Panchkula"
"Timber Trail Resort","Parwanoo",PRW01,318,ASSOCIATED_PROPERTY,RESORT,"Timber Trail Resort, Main Road, Parwanoo, India",https://maps.google.com/?q=Timber%20Trail%20Resort%20Parwanoo,"Experience luxury hospitality at Timber Trail Resort in Parwanoo, featuring modern amenities and exceptional service.",ACTIVE,"New hotel import for Parwanoo"
"Hotel Parwanoo Heights","Parwanoo",PRW02,318,INTERNAL_PROPERTY,HOTEL,"Hotel Parwanoo Heights, Main Road, Parwanoo, India",https://maps.google.com/?q=Hotel%20Parwanoo%20Heights%20Parwanoo,"Experience luxury hospitality at Hotel Parwanoo Heights in Parwanoo, featuring modern amenities and exceptional service.",ACTIVE,"New hotel import for Parwanoo"
"Hyatt Regency Thrissur","Thrissur",TCR01,315,ASSOCIATED_PROPERTY,HOTEL,"Hyatt Regency Thrissur, Main Road, Thrissur, India",https://maps.google.com/?q=Hyatt%20Regency%20Thrissur%20Thrissur,"Experience luxury hospitality at Hyatt Regency Thrissur in Thrissur, featuring modern amenities and exceptional service.",ACTIVE,"New hotel import for Thrissur"
"Elite International","Thrissur",TCR02,315,INTERNAL_PROPERTY,HOTEL,"Elite International, Main Road, Thrissur, India",https://maps.google.com/?q=Elite%20International%20Thrissur,"Experience luxury hospitality at Elite International in Thrissur, featuring modern amenities and exceptional service.",ACTIVE,"New hotel import for Thrissur"
"Taj Ganges","Varanasi",VNS01,320,ASSOCIATED_PROPERTY,HOTEL,"Taj Ganges, Main Road, Varanasi, India",https://maps.google.com/?q=Taj%20Ganges%20Varanasi,"Experience luxury hospitality at Taj Ganges in Varanasi, featuring modern amenities and exceptional service.",ACTIVE,"New hotel import for Varanasi"
"Radisson Hotel Varanasi","Varanasi",VNS02,320,INTERNAL_PROPERTY,HOTEL,"Radisson Hotel Varanasi, Main Road, Varanasi, India",https://maps.google.com/?q=Radisson%20Hotel%20Varanasi%20Varanasi,"Experience luxury hospitality at Radisson Hotel Varanasi in Varanasi, featuring modern amenities and exceptional service.",ACTIVE,"New hotel import for Varanasi"
"Nidhivan Sarovar Portico","Vrindavan",VRN01,307,ASSOCIATED_PROPERTY,HOTEL,"Nidhivan Sarovar Portico, Main Road, Vrindavan, India",https://maps.google.com/?q=Nidhivan%20Sarovar%20Portico%20Vrindavan,"Experience luxury hospitality at Nidhivan Sarovar Portico in Vrindavan, featuring modern amenities and exceptional service.",ACTIVE,"New hotel import for Vrindavan"
"Hotel Radha Ashok","Vrindavan",VRN02,307,INTERNAL_PROPERTY,HOTEL,"Hotel Radha Ashok, Main Road, Vrindavan, India",https://maps.google.com/?q=Hotel%20Radha%20Ashok%20Vrindavan,"Experience luxury hospitality at Hotel Radha Ashok in Vrindavan, featuring modern amenities and exceptional service.",ACTIVE,"New hotel import for Vrindavan"
"Holiday Inn Chandigarh Zirakpur","Zirakpur",ZRK01,300,ASSOCIATED_PROPERTY,HOTEL,"Holiday Inn Chandigarh Zirakpur, Main Road, Zirakpur, India",https://maps.google.com/?q=Holiday%20Inn%20Chandigarh%20Zirakpur%20Zirakpur,"Experience luxury hospitality at Holiday Inn Chandigarh Zirakpur in Zirakpur, featuring modern amenities and exceptional service.",ACTIVE,"New hotel import for Zirakpur"
"Hotel Yuvraj","Zirakpur",ZRK02,300,INTERNAL_PROPERTY,HOTEL,"Hotel Yuvraj, Main Road, Zirakpur, India",https://maps.google.com/?q=Hotel%20Yuvraj%20Zirakpur,"Experience luxury hospitality at Hotel Yuvraj in Zirakpur, featuring modern amenities and exceptional service.",ACTIVE,"New hotel import for Zirakpur"
"Radisson Blu Iveria Tbilisi","Georgia",GEO01,247,ASSOCIATED_PROPERTY,HOTEL,"Radisson Blu Iveria Tbilisi, Main Road, Georgia, Georgia",https://maps.google.com/?q=Radisson%20Blu%20Iveria%20Tbilisi%20Georgia,"Experience luxury hospitality at Radisson Blu Iveria Tbilisi in Georgia, featuring modern amenities and exceptional service.",ACTIVE,"New hotel import for Georgia"
"Rooms Hotel Kazbegi","Georgia",GEO02,247,INTERNAL_PROPERTY,HOTEL,"Rooms Hotel Kazbegi, Main Road, Georgia, Georgia",https://maps.google.com/?q=Rooms%20Hotel%20Kazbegi%20Georgia,"Experience luxury hospitality at Rooms Hotel Kazbegi in Georgia, featuring modern amenities and exceptional service.",ACTIVE,"New hotel import for Georgia"
"Hotel Indonesia Kempinski Jakarta","Indonesia",IDN01,244,ASSOCIATED_PROPERTY,HOTEL,"Hotel Indonesia Kempinski Jakarta, Main Road, Indonesia, Indonesia",https://maps.google.com/?q=Hotel%20Indonesia%20Kempinski%20Jakarta%20Indonesia,"Experience luxury hospitality at Hotel Indonesia Kempinski Jakarta in Indonesia, featuring modern amenities and exceptional service.",ACTIVE,"New hotel import for Indonesia"
"The Mulia Bali","Indonesia",IDN02,244,INTERNAL_PROPERTY,HOTEL,"The Mulia Bali, Main Road, Indonesia, Indonesia",https://maps.google.com/?q=The%20Mulia%20Bali%20Indonesia,"Experience luxury hospitality at The Mulia Bali in Indonesia, featuring modern amenities and exceptional service.",ACTIVE,"New hotel import for Indonesia"
"The Plaza New York","United States of America",USA01,246,ASSOCIATED_PROPERTY,HOTEL,"The Plaza New York, Main Road, United States of America, United States",https://maps.google.com/?q=The%20Plaza%20New%20York%20United%20States%20of%20America,"Experience luxury hospitality at The Plaza New York in United States of America, featuring modern amenities and exceptional service.",ACTIVE,"New hotel import for United States of America"
"Bellagio Las Vegas","United States of America",USA02,246,INTERNAL_PROPERTY,HOTEL,"Bellagio Las Vegas, Main Road, United States of America, United States",https://maps.google.com/?q=Bellagio%20Las%20Vegas%20United%20States%20of%20America,"Experience luxury hospitality at Bellagio Las Vegas in United States of America, featuring modern amenities and exceptional service.",ACTIVE,"New hotel import for United States of America"